#{"t_start": 1763000963.3162, "env_id": "None"}
r,l,t
24050.748302,5001,66.920281
24026.27528,5001,124.35288
23981.507734,5001,183.549357
24137.888712,5001,244.776119
24008.7914,5001,312.116927
