{
  "forward_velocity": 0.8660197936857896,
  "lateral_stability": -0.020738498522227734,
  "height": -0.048455743290754215,
  "orientation": -0.008309877832892477,
  "energy": 0.0,
  "smoothness": 0.0,
  "contact_pattern": 0.0036820000000015035,
  "joint_limits": 0.0
}